date,open_etf,close_etf,high_etf,low_etf,volume_etf,turnover,amplitude,pct_change,chg,turnover_rate,open_fut,high_fut,low_fut,close_fut,volume_fut,open_interest,中国:国债收益率:10年,中国:国债收益率:1年,中债国债到期收益率:5年,中债国债到期收益率:30年,中债国开债到期收益率:10年,SHIBOR:3个月,R007,利率互换:FR007:1年,factor_10y_gov,factor_1y_gov,factor_30y_gov,factor_5y_gov,factor_30y_5y_slope,factor_10y_1y_slope,factor_30y_10y_slope,factor_10y_policy,factor_policy_spread,factor_shibor3m,factor_r007,factor_fr007,factor_shibor3m_r007_spread,factor_fr007_shibor3m_spread,factor_curve_curvature,factor_rel_10y_coupon,factor_rel_30y_coupon,factor_30y_10y_spread,factor_30y_5y_spread,factor_10y_5y_spread,factor_tax_spread,factor_swap_spread,factor_basis,spread,etf_ret,fut_ret,corr_20d,etf_vol_20d,fut_vol_20d,spread_change_5d,lars_bayes_pred_5d
2024/12/16,114.341,114.655,114.699,114.341,705557,8087335057,0.31,0.4,0.459,15.47,108.41,108.62,108.395,108.545,1181,237,1.7204,1.1362,1.4176,1.9526,1.7838,1.725,1.952,1.4736,1.7204,1.1362,1.9526,1.4176,0.5349999999999999,0.5841999999999998,0.2321999999999999,1.7838,0.0634,1.725,1.952,1.4736,-0.227,-0.2514,-0.352,1.6904,1.9226,0.2321999999999999,0.5349999999999999,0.3027999999999999,0.0634,-0.4784,6.109999999999999,6.109999999999999,,,,,,0.069,
2024/12/17,114.53,114.448,114.53,114.305,790942,9048397555,0.2,-0.18,-0.207,17.34,108.47,108.53,108.315,108.46,1234,1048,1.7309,1.1245,1.4417,1.9591,1.7888,1.718,2.0969,1.5053,1.7309,1.1245,1.9591,1.4417,0.5174000000000001,0.6064,0.2281999999999999,1.7888,0.0579,1.718,2.0969,1.5053,-0.3789,-0.2127,-0.3782,1.7009,1.9291,0.2281999999999999,0.5174000000000001,0.2892000000000001,0.0579,-0.5916,5.988,5.988,-0.001805416,-0.000783085,,,,0.088,
2024/12/18,114.541,114.243,114.689,113.913,356201,4072494788,0.68,-0.18,-0.205,7.81,108.52,108.64,108.115,108.34,942,1242,1.7169,1.0927,1.4515,1.9961,1.8238,1.715,1.9114,1.4879,1.7169,1.0927,1.9961,1.4515,0.5446,0.6242000000000001,0.2791999999999999,1.8238,0.1069,1.715,1.9114,1.4879,-0.1964,-0.2271,-0.345,1.6869,1.9661,0.2791999999999999,0.5446,0.2654000000000001,0.1069,-0.4235,5.902999999999992,5.902999999999992,-0.001791206,-0.001106399,,,,0.21300000000000807,
2024/12/19,114.37,114.251,114.424,114.19,615158,7031301589,0.2,0.01,0.008,13.49,108.285,108.415,108.195,108.38,379,1325,1.7458,1.0506,1.4161,1.9926,1.8063,1.712,1.8218,1.4862,1.7458,1.0506,1.9926,1.4161,0.5765,0.6952,0.2467999999999999,1.8063,0.0605,1.712,1.8218,1.4862,-0.1098,-0.2258,-0.4484,1.7158,1.9626,0.2467999999999999,0.5765,0.3297000000000001,0.0605,-0.3356,5.871000000000009,5.871000000000009,7.002617228191177e-05,0.000369208,,,,0.18099999999999739,
2024/12/20,114.55,114.678,114.686,114.516,656408,7521561774,0.15,0.37,0.427,14.39,108.545,108.775,108.53,108.77,345,1512,1.7235,0.9751,1.3727,1.9526,1.7613,1.708,1.7526,1.4428,1.7235,0.9751,1.9526,1.3727,0.5798999999999999,0.7484000000000001,0.2290999999999998,1.7613,0.0378,1.708,1.7526,1.4428,-0.0446,-0.2652,-0.5193,1.6935,1.9226,0.2290999999999998,0.5798999999999999,0.3508,0.0378,-0.3098,5.908000000000001,5.908000000000001,0.003737385,0.00359845,,,,0.18900000000000716,
2024/12/23,115.011,114.809,115.06,114.687,364508,4186477283,0.33,0.11,0.131,7.99,108.925,108.995,108.615,108.63,818,1804,1.6856,0.8769,1.3915,1.9526,1.7613,1.705,1.7103,1.4234,1.6856,0.8769,1.9526,1.3915,0.5610999999999999,0.8087,0.2669999999999999,1.7613,0.0757,1.705,1.7103,1.4234,-0.0053,-0.2816,-0.5417,1.6556,1.9226,0.2669999999999999,0.5610999999999999,0.2941,0.0757,-0.2869,6.179000000000002,6.179000000000002,0.001142329,-0.00128712,,,,0.1560000000000059,
2024/12/24,114.747,114.576,114.865,114.555,408196,4684432222,0.27,-0.2,-0.233,8.95,108.59,108.76,108.43,108.5,471,1945,1.6994,0.8297,1.4199,1.9926,1.7888,1.6985,1.7042,1.4296,1.6994,0.8297,1.9926,1.4199,0.5727,0.8697,0.2931999999999999,1.7888,0.0894,1.6985,1.7042,1.4296,-0.0057,-0.2689,-0.5765,1.6694,1.9626,0.2931999999999999,0.5727,0.2795000000000001,0.0894,-0.2746,6.075999999999993,6.075999999999993,-0.002029458,-0.001196723,,,,0.2560000000000002,
2024/12/25,114.591,114.506,114.682,114.461,312537,3579472444,0.19,-0.06,-0.07,6.85,108.565,108.565,108.33,108.39,206,1999,1.7319,0.8982,1.4591,2.007,1.8083,1.693,1.9587,1.4555,1.7319,0.8982,2.007,1.4591,0.5479,0.8337,0.2751000000000001,1.8083,0.0764,1.693,1.9587,1.4555,-0.2657,-0.2375,-0.5586,1.7019,1.977,0.2751000000000001,0.5479,0.2727999999999999,0.0764,-0.5032,6.116,6.116,-0.000610948,-0.001013825,,,,0.3469999999999942,
2024/12/26,114.525,114.372,114.641,114.361,563731,6452637489,0.24,-0.12,-0.134,12.36,108.525,108.525,108.225,108.32,395,2141,1.7345,0.9478,1.437,1.9701,1.7713,1.6922,2.075,1.457,1.7345,0.9478,1.9701,1.437,0.5330999999999999,0.7867,0.2356,1.7713,0.0368,1.6922,2.075,1.457,-0.3828,-0.2352,-0.5511,1.7045,1.9401,0.2356,0.5330999999999999,0.2974999999999999,0.0368,-0.618,6.052000000000007,6.052000000000007,-0.001170244,-0.000645816,,,,0.30400000000000205,
2024/12/27,114.666,114.772,114.781,114.527,628089,7204381687,0.22,0.35,0.4,13.77,108.455,108.675,108.44,108.675,351,2265,1.705,1.0073,1.4059,1.9476,1.7563,1.69,2.1384,1.4468,1.705,1.0073,1.9476,1.4059,0.5417000000000001,0.6977,0.2425999999999999,1.7563,0.0513,1.69,2.1384,1.4468,-0.4484,-0.2432,-0.4551,1.675,1.9176,0.2425999999999999,0.5417000000000001,0.2991000000000001,0.0513,-0.6916,6.097000000000008,6.097000000000008,0.003497359,0.003277326,,,,0.5319999999999965,
2024/12/30,114.78,114.745,114.786,114.67,308283,3537274219,0.1,-0.02,-0.027,6.76,108.56,108.61,108.375,108.41,140,2263,1.7056,1.0523,1.4413,1.9476,1.7563,1.685,2.1713,1.4695,1.7056,1.0523,1.9476,1.4413,0.5063,0.6533,0.242,1.7563,0.0507,1.685,2.1713,1.4695,-0.4863,-0.2155,-0.4113,1.6756,1.9176,0.242,0.5063,0.2643,0.0507,-0.7018,6.335000000000008,6.335000000000008,-0.000235249,-0.002438463,,,,0.3129999999999882,
2024/12/31,114.97,115.032,115.08,114.91,374330,4305510957,0.15,0.25,0.287,8.21,108.55,108.73,108.55,108.7,558,2299,1.6774,1.0895,1.4152,1.9121,1.7263,1.6855,2.2281,1.4611,1.6774,1.0895,1.9121,1.4152,0.4968999999999999,0.5879000000000001,0.2346999999999999,1.7263,0.0489,1.6855,2.2281,1.4611,-0.5426,-0.2244,-0.3532,1.6474,1.8821,0.2346999999999999,0.4968999999999999,0.2622,0.0489,-0.767,6.331999999999994,6.331999999999994,0.002501198,0.00267503,,,,0.21100000000001273,
2025/1/2,115.26,115.478,115.521,115.185,535213,6178894659,0.29,0.39,0.446,11.74,108.82,109.045,108.76,109.015,268,2341,1.6369,1.0676,1.3976,1.8397,1.6563,1.6825,1.8285,1.4659,1.6369,1.0676,1.8397,1.3976,0.4420999999999999,0.5692999999999999,0.2027999999999998,1.6563,0.0194,1.6825,1.8285,1.4659,-0.146,-0.2166,-0.3665,1.6069,1.8097,0.2027999999999998,0.4420999999999999,0.2393,0.0194,-0.3626,6.462999999999994,6.462999999999994,0.003877182,0.002897884,,,,0.10200000000000387,
2025/1/3,115.8,115.551,115.89,115.365,466971,5400152246,0.45,0.06,0.073,10.24,109.13,109.23,108.99,109.195,801,2336,1.5895,1.0572,1.3409,1.8501,1.6463,1.677,1.8124,1.4626,1.5895,1.0572,1.8501,1.3409,0.5092000000000001,0.5323,0.2606000000000001,1.6463,0.0568,1.677,1.8124,1.4626,-0.1354,-0.2144,-0.2717,1.5595,1.8201,0.2606000000000001,0.5092000000000001,0.2485999999999999,0.0568,-0.3498,6.356000000000009,6.356000000000009,0.000632155,0.001651149,,,,0.12099999999999511,
2025/1/6,115.65,115.799,115.8,115.6,364008,4212924305,0.17,0.21,0.248,7.98,109.11,109.2,108.9,109.17,627,2382,1.6041,1.0328,1.3493,1.8327,1.6313,1.663,1.6583,1.4567,1.6041,1.0328,1.8327,1.3493,0.4834,0.5713000000000001,0.2285999999999999,1.6313,0.0272,1.663,1.6583,1.4567,0.0047,-0.2063,-0.3427,1.5741,1.8027,0.2285999999999999,0.4834,0.2548000000000001,0.0272,-0.2016,6.629000000000005,6.629000000000005,0.002146238,-0.000228948,,,,-0.154,
2025/1/7,115.782,115.768,115.799,115.654,404594,4683344832,0.13,-0.03,-0.031,8.87,109.165,109.18,108.98,109.12,289,2379,1.5973,1.0602,1.3895,1.8602,1.625,1.655,1.5934,1.4696,1.5973,1.0602,1.8602,1.3895,0.4707000000000001,0.5370999999999999,0.2629000000000001,1.625,0.0277,1.655,1.5934,1.4696,0.0616,-0.1854,-0.2742,1.5673,1.8302,0.2629000000000001,0.4707000000000001,0.2077999999999999,0.0277,-0.1238,6.647999999999996,6.647999999999996,-0.000267705,-0.000458001,,,,-0.288,
2025/1/8,115.651,115.733,115.825,115.643,501631,5807594245,0.16,-0.03,-0.035,11,109.1,109.245,109.03,109.19,503,2445,1.6018,1.1056,1.3948,1.8702,1.6225,1.652,1.6286,1.4831,1.6018,1.1056,1.8702,1.3948,0.4754,0.4962,0.2684000000000002,1.6225,0.0207,1.652,1.6286,1.4831,0.0234,-0.1689,-0.2278,1.5718,1.8402,0.2684000000000002,0.4754,0.2069999999999998,0.0207,-0.1455,6.543000000000006,6.543000000000006,-0.000302329,0.000641496,,,,-0.037,
2025/1/9,115.75,115.495,115.758,115.489,385618,4457927651,0.23,-0.21,-0.238,8.46,109.195,109.205,108.915,108.93,430,2425,1.6127,1.167,1.4465,1.8932,1.65,1.645,1.6829,1.5055,1.6127,1.167,1.8932,1.4465,0.4467000000000001,0.4457,0.2804999999999999,1.65,0.0373,1.645,1.6829,1.5055,-0.0379,-0.1395,-0.1652,1.5827,1.8632,0.2804999999999999,0.4467000000000001,0.1662000000000001,0.0373,-0.1774,6.564999999999998,6.564999999999998,-0.002056458,-0.00238117,,,,-0.181,
2025/1/10,114.944,115.432,115.486,114.91,393329,4534883783,0.5,-0.05,-0.063,8.63,108.6,108.955,108.42,108.955,1726,2686,1.6712,1.24,1.4342,1.8752,1.645,1.643,1.7897,1.5389,1.6712,1.24,1.8752,1.4342,0.441,0.4312,0.2039999999999999,1.645,-0.0262,1.643,1.7897,1.5389,-0.1467,-0.1041,-0.2272,1.6412,1.8452,0.2039999999999999,0.441,0.2370000000000001,-0.0262,-0.2508,6.477000000000004,6.477000000000004,-0.000545478,0.000229505,,,,-0.005,
2025/1/13,115.408,115.315,115.46,115.2,326889,3769874441,0.23,-0.1,-0.117,7.17,108.9,108.93,108.68,108.84,427,2706,1.6442,1.2029,1.4792,1.9051,1.6725,1.648,2.1035,1.5861,1.6442,1.2029,1.9051,1.4792,0.4258999999999999,0.4413,0.2608999999999999,1.6725,0.0283,1.648,2.1035,1.5861,-0.4555,-0.0619,-0.1804,1.6142,1.8751,0.2608999999999999,0.4258999999999999,0.165,0.0283,-0.5174,6.474999999999994,6.474999999999994,-0.001013584,-0.001055482,,,,-0.143,
2025/1/14,115.315,115.31,115.335,115.123,353601,4073936301,0.18,0,-0.005,7.75,108.74,108.97,108.74,108.95,553,2745,1.6502,1.2149,1.4157,1.8652,1.65,1.658,2.5816,1.5852,1.6502,1.2149,1.8652,1.4157,0.4495,0.4352999999999998,0.215,1.65,-0.0002,1.658,2.5816,1.5852,-0.9236,-0.0728,-0.2203,1.6202,1.8352,0.215,0.4495,0.2344999999999999,-0.0002,-0.9964,6.359999999999999,6.359999999999999,-4.34E-05,0.001010658,0.8220674577266628,0.001923052,0.001810054,0.026,
2025/1/15,115.53,115.631,115.713,115.466,413654,4781404089,0.21,0.28,0.321,9.07,109.035,109.18,109.035,109.125,135,2756,1.6268,1.212,1.4207,1.8602,1.65,1.6665,2.6911,1.5647,1.6268,1.212,1.8602,1.4207,0.4395,0.4148,0.2334,1.65,0.0232,1.6665,2.6911,1.5647,-1.0246,-0.1018,-0.1814,1.5968,1.8302,0.2334,0.4395,0.2060999999999999,0.0232,-1.1264,6.506,6.506,0.0027838,0.001606241,0.8266769183352641,0.001934053,0.001821416,-0.086,
2025/1/16,115.57,115.544,115.639,115.428,347546,4015355923,0.18,-0.08,-0.087,7.62,109.08,109.225,108.99,109.16,260,2835,1.642,1.2301,1.4257,1.8677,1.6625,1.674,4.1892,1.6018,1.642,1.2301,1.8677,1.4257,0.4419999999999999,0.4118999999999999,0.2257,1.6625,0.0205,1.674,4.1892,1.6018,-2.5152,-0.0722,-0.1862,1.612,1.8377,0.2257,0.4419999999999999,0.2162999999999999,0.0205,-2.5874,6.384,6.384,-0.000752393,0.000320733,0.8116633170484348,0.001882078,0.001790817,-0.034,
2025/1/17,115.574,115.397,115.623,115.362,404841,4675114056,0.23,-0.13,-0.147,8.88,109.215,109.245,108.925,108.925,367,2917,1.6425,1.2465,1.4307,1.915,1.67,1.677,3.1331,1.5922,1.6425,1.2465,1.915,1.4307,0.4842999999999999,0.3960000000000001,0.2724999999999999,1.67,0.0275,1.677,3.1331,1.5922,-1.4561,-0.0848,-0.1235,1.6125,1.885,0.2724999999999999,0.4842999999999999,0.2118,0.0275,-1.5409,6.472000000000008,6.472000000000008,-0.001272243,-0.002152803,0.8222652734786093,0.001924231,0.001878177,-0.289,
2025/1/20,115.281,115.317,115.345,115.217,381801,4402025589,0.11,-0.07,-0.08,8.37,108.935,109.055,108.87,108.985,574,2999,1.665,1.2408,1.4357,1.9225,1.685,1.687,2.3347,1.6042,1.665,1.2408,1.9225,1.4357,0.4868000000000001,0.4242000000000001,0.2575,1.685,0.02,1.687,2.3347,1.6042,-0.6477,-0.0828,-0.1667,1.635,1.8925,0.2575,0.4868000000000001,0.2293,0.02,-0.7305,6.331999999999994,6.331999999999994,-0.000693259,0.000550838,0.7711880428912572,0.001781785,0.00170838,0.016999999999995907,
2025/1/21,115.32,115.496,115.515,115.311,497290,5737297949,0.18,0.16,0.179,10.91,108.99,109.115,108.845,109.11,556,3048,1.6753,1.2607,1.4107,1.89,1.6676,1.6935,2.3961,1.6101,1.6753,1.2607,1.89,1.4107,0.4792999999999998,0.4146000000000001,0.2146999999999999,1.6676,-0.0077,1.6935,2.3961,1.6101,-0.7026,-0.0834,-0.1999,1.6453,1.86,0.2146999999999999,0.4792999999999998,0.2645999999999999,-0.0077,-0.786,6.385999999999996,6.385999999999996,0.001552243,0.001146947,0.8165992026956213,0.001794545,0.001690964,-0.034,
2025/1/22,115.586,115.49,115.655,115.484,462451,5345361335,0.15,-0.01,-0.006,10.14,109.12,109.19,109.065,109.07,203,3074,1.6554,1.2682,1.4257,1.9,1.6751,1.693,2.3626,1.5939,1.6554,1.2682,1.9,1.4257,0.4742999999999999,0.3872,0.2445999999999999,1.6751,0.0197,1.693,2.3626,1.5939,-0.6696,-0.0991,-0.1426,1.6254,1.87,0.2445999999999999,0.4742999999999999,0.2297,0.0197,-0.7687,6.420000000000002,6.420000000000002,-5.19E-05,-0.000366603,0.8109481259057908,0.001712031,0.00166429,-0.021,
2025/1/23,115.471,115.45,115.519,115.364,407272,4702139291,0.13,-0.03,-0.04,8.93,109.095,109.14,109.015,109.1,530,3073,1.662,1.2619,1.4557,1.9,1.6901,1.694,2.7354,1.6433,1.662,1.2619,1.9,1.4557,0.4442999999999999,0.4000999999999999,0.238,1.6901,0.0281,1.694,2.7354,1.6433,-1.0414,-0.0507,-0.1621,1.632,1.87,0.238,0.4442999999999999,0.2062999999999999,0.0281,-1.0921,6.3500000000000085,6.3500000000000085,-0.00034635,0.000275053,0.8031646054937642,0.001704825,0.001636963,0.10899999999999466,
2025/1/24,115.409,115.288,115.409,115.242,355700,4101676749,0.14,-0.14,-0.162,7.8,109.01,109.105,108.9,109.105,372,3175,1.6779,1.2714,1.4657,1.89,1.6851,1.697,3.1594,1.6819,1.6779,1.2714,1.89,1.4657,0.4242999999999999,0.4064999999999998,0.2120999999999999,1.6851,0.0072,1.697,3.1594,1.6819,-1.4624,-0.0151,-0.1944,1.6479,1.86,0.2120999999999999,0.4242999999999999,0.2121999999999999,0.0072,-1.4775,6.182999999999993,6.182999999999993,-0.001403205,4.582951420717407e-05,0.7852895283098352,0.001716957,0.001622555,0.3550000000000182,
2025/1/27,115.45,115.719,115.796,115.45,237342,2745300942,0.3,0.37,0.431,5.2,109.15,109.375,109.15,109.37,408,3221,1.645,1.2363,1.4124,1.8675,1.6526,1.702,1.8652,1.629,1.645,1.2363,1.8675,1.4124,0.4550999999999998,0.4087,0.2224999999999999,1.6526,0.0076,1.702,1.8652,1.629,-0.1632,-0.073,-0.1862,1.615,1.8375,0.2224999999999999,0.4550999999999998,0.2325999999999999,0.0076,-0.2362,6.3489999999999895,6.3489999999999895,0.003738464,0.002428853,0.7686369128072328,0.001740531,0.001551881,0.14700000000001978,
2025/2/5,115.713,115.807,115.809,115.581,278021,3217105449,0.2,0.08,0.088,6.1,109.35,109.455,109.295,109.455,734,3571,1.646,1.241,1.4049,1.8375,1.6351,1.707,2.0694,1.6447,1.646,1.241,1.8375,1.4049,0.4325999999999999,0.4049999999999998,0.1915,1.6351,-0.0109,1.707,2.0694,1.6447,-0.3624,-0.0623,-0.2135,1.616,1.8075,0.1915,0.4325999999999999,0.2410999999999998,-0.0109,-0.4247,6.352000000000004,6.352000000000004,0.000760463,0.000777178,0.8093750630085954,0.001735264,0.001411264,0.24500000000000455,
2025/2/6,115.83,115.949,115.967,115.804,321971,3730862894,0.14,0.12,0.142,7.06,109.495,109.575,109.415,109.55,333,3680,1.6335,1.2288,1.3791,1.805,1.6012,1.71,1.8595,1.5912,1.6335,1.2288,1.805,1.3791,0.4258999999999999,0.4047,0.1714999999999999,1.6012,-0.0323,1.71,1.8595,1.5912,-0.1495,-0.1188,-0.2332,1.6035,1.775,0.1714999999999999,0.4258999999999999,0.2543999999999999,-0.0323,-0.2683,6.399000000000001,6.399000000000001,0.001226178,0.000867937,0.793514735,0.001678917,0.001318159,0.19899999999999807,
2025/2/7,115.97,115.914,116.05,115.86,403384,4676525547,0.16,-0.03,-0.035,8.85,109.6,109.61,109.45,109.455,596,3962,1.6287,1.2134,1.3945,1.8025,1.6042,1.711,1.7883,1.5766,1.6287,1.2134,1.8025,1.3945,0.4079999999999999,0.4153,0.1737999999999999,1.6042,-0.0245,1.711,1.7883,1.5766,-0.0773,-0.1344,-0.2415,1.5987,1.7725,0.1737999999999999,0.4079999999999999,0.2341999999999999,-0.0245,-0.2117,6.459000000000003,6.459000000000003,-0.000301857,-0.000867184,0.7347387261824334,0.001470264,0.001205214,0.21699999999999875,
2025/2/10,115.896,115.793,115.896,115.78,389213,4509068175,0.1,-0.1,-0.121,8.54,109.32,109.345,109.22,109.255,935,3989,1.6264,1.2412,1.4377,1.825,1.6342,1.714,1.7986,1.6332,1.6264,1.2412,1.825,1.4377,0.3873,0.3852,0.1985999999999999,1.6342,0.0078,1.714,1.7986,1.6332,-0.0846,-0.0808,-0.1866,1.5964,1.795,0.1985999999999999,0.3873,0.1887000000000001,0.0078,-0.1654,6.538000000000011,6.538000000000011,-0.001043877,-0.001827235,0.7513361145269907,0.001491318,0.001235694,0.12399999999998101,
2025/2/11,115.826,115.846,115.868,115.8,448717,5197887432,0.06,0.05,0.053,9.84,109.255,109.38,109.235,109.35,723,4119,1.6352,1.2691,1.4279,1.8075,1.6275,1.721,1.9507,1.656,1.6352,1.2691,1.8075,1.4279,0.3796000000000001,0.3661000000000001,0.1723000000000001,1.6275,-0.0077,1.721,1.9507,1.656,-0.2297,-0.065,-0.1938,1.6052,1.7775,0.1723000000000001,0.3796000000000001,0.2073,-0.0077,-0.2947,6.496000000000009,6.496000000000009,0.000457713,0.000869525,0.8109341661085495,0.00141559,0.001248014,0.01,
2025/2/12,115.87,115.802,115.876,115.77,372688,4316893931,0.09,-0.04,-0.044,8.17,109.35,109.41,109.205,109.205,978,4380,1.6311,1.2556,1.438,1.809,1.6336,1.726,1.868,1.6414,1.6311,1.2556,1.809,1.438,0.371,0.3754999999999999,0.1778999999999999,1.6336,0.0025,1.726,1.868,1.6414,-0.142,-0.0846,-0.1976,1.6011,1.779,0.1778999999999999,0.371,0.1931,0.0025,-0.2266,6.597000000000008,6.597000000000008,-0.000379815,-0.001326017,0.8000696301894151,0.001417016,0.001282441,-0.087,
2025/2/13,115.84,115.783,115.84,115.748,508046,5882797286,0.08,-0.02,-0.019,11.14,109.205,109.31,109.11,109.185,531,4431,1.6382,1.2757,1.448,1.799,1.6346,1.73,1.8012,1.65,1.6382,1.2757,1.799,1.448,0.351,0.3625,0.1607999999999998,1.6346,-0.0036,1.73,1.8012,1.65,-0.0712,-0.08,-0.2017,1.6082,1.769,0.1607999999999998,0.351,0.1902000000000001,-0.0036,-0.1512,6.597999999999999,6.597999999999999,-0.000164073,-0.000183142,0.8121904888072501,0.00141572,0.001275311,0.088,
2025/2/14,115.777,115.626,115.797,115.552,440005,5090051391,0.21,-0.14,-0.157,9.65,109.185,109.185,108.815,108.95,1690,4325,1.6486,1.319,1.4804,1.82,1.6546,1.738,2.0348,1.694,1.6486,1.319,1.82,1.4804,0.3396000000000001,0.3296000000000001,0.1714,1.6546,0.006,1.738,2.0348,1.694,-0.2968,-0.044,-0.1582,1.6186,1.79,0.1714,0.3396000000000001,0.1682000000000001,0.006,-0.3408,6.676000000000002,6.676000000000002,-0.001355985,-0.00215231,0.7930798934184862,0.00136949,0.001253679,0.082,
2025/2/17,115.582,115.392,115.582,115.385,423558,4890631261,0.17,-0.2,-0.234,9.29,108.815,108.95,108.72,108.73,1633,4860,1.6787,1.3853,1.5035,1.86,1.6934,1.75,2.0924,1.7076,1.6787,1.3853,1.86,1.5035,0.3565,0.2934000000000001,0.1813,1.6934,0.0147,1.75,2.0924,1.7076,-0.3424,-0.0424,-0.1121,1.6487,1.83,0.1813,0.3565,0.1752,0.0147,-0.3848,6.661999999999992,6.661999999999992,-0.002023766,-0.002019275,0.8242464283906338,0.001441738,0.001331384,-0.177,
2025/2/18,115.351,115.151,115.358,114.961,532525,6129788851,0.34,-0.21,-0.241,11.68,108.69,108.815,108.36,108.645,2145,5268,1.7216,1.4524,1.5335,1.86,1.7007,1.763,2.467,1.7553,1.7216,1.4524,1.86,1.5335,0.3265,0.2692000000000001,0.1384,1.7007,-0.0209,1.763,2.467,1.7553,-0.704,-0.0077,-0.1308,1.6916,1.83,0.1384,0.3265,0.1880999999999999,-0.0209,-0.7117,6.506,6.506,-0.002088533,-0.000781753,0.8102441653878916,0.001499742,0.001322449,-0.307,
2025/2/19,115.261,115.25,115.297,115.13,411383,4739304017,0.15,0.09,0.099,9.02,108.71,108.745,108.57,108.74,1581,5758,1.6992,1.4464,1.5029,1.84,1.6626,1.7702,2.0816,1.7267,1.6992,1.4464,1.84,1.5029,0.3371000000000002,0.2528000000000001,0.1408,1.6626,-0.0366,1.7702,2.0816,1.7267,-0.3114,-0.0435,-0.112,1.6692,1.81,0.1408,0.3371000000000002,0.1963000000000001,-0.0366,-0.3549,6.510000000000005,6.510000000000005,0.000859741,0.000874407,0.8290085333178774,0.001514115,0.001316826,-0.276,
2025/2/20,115.272,115.126,115.316,115.058,476935,5493804342,0.22,-0.11,-0.124,10.46,108.695,108.755,108.41,108.44,1935,6199,1.7021,1.4556,1.5379,1.87,1.6953,1.7802,2.1593,1.7617,1.7021,1.4556,1.87,1.5379,0.3321,0.2464999999999999,0.1679000000000001,1.6953,-0.0068,1.7802,2.1593,1.7617,-0.3791,-0.0185,-0.0786,1.6721,1.84,0.1679000000000001,0.3321,0.1641999999999999,-0.0068,-0.3976,6.686000000000007,6.686000000000007,-0.001075922,-0.002758874,0.791522935,0.00137705,0.001380128,-0.563,
2025/2/21,115.03,114.923,115.13,114.837,303759,3491537249,0.25,-0.18,-0.203,6.66,108.495,108.525,108.105,108.165,3554,7109,1.7317,1.4689,1.6045,1.905,1.7303,1.7912,2.31,1.7663,1.7317,1.4689,1.905,1.6045,0.3005,0.2627999999999999,0.1733,1.7303,-0.0014,1.7912,2.31,1.7663,-0.5188,-0.0249,-0.0895,1.7017,1.875,0.1733,0.3005,0.1271999999999999,-0.0014,-0.5437,6.757999999999996,6.757999999999996,-0.001763285,-0.002535965,0.8220508892552908,0.00141571,0.001456692,-0.674,
2025/2/24,114.78,114.36,114.834,114.266,367414,4210543441,0.49,-0.49,-0.563,8.06,108.145,108.27,107.68,107.875,4641,8065,1.77,1.4769,1.6451,1.945,1.7728,1.797,2.3976,1.7742,1.77,1.4769,1.945,1.6451,0.2999,0.2930999999999999,0.175,1.7728,0.0028,1.797,2.3976,1.7742,-0.6006,-0.0228,-0.1181,1.74,1.915,0.175,0.2999,0.1249,0.0028,-0.6234,6.484999999999999,6.484999999999999,-0.004898932,-0.002681089,0.822230421,0.001745015,0.001493393,-0.421,
2025/2/25,114.58,114.289,114.622,113.952,540820,6177454802,0.59,-0.06,-0.071,11.86,108.05,108.245,107.565,108.09,5859,8775,1.7842,1.4751,1.6222,1.915,1.748,1.818,2.3052,1.7641,1.7842,1.4751,1.915,1.6222,0.2927999999999999,0.3090999999999999,0.1308,1.748,-0.0362,1.818,2.3052,1.7641,-0.4872,-0.0539,-0.1783,1.7542,1.885,0.1308,0.2927999999999999,0.1619999999999999,-0.0362,-0.5411,6.198999999999998,6.198999999999998,-0.000620846,0.001993048,0.774792058,0.001744558,0.001578351,-0.085,
2025/2/26,114.5,114.444,114.618,114.439,540784,6192616502,0.16,0.14,0.155,11.86,108.17,108.47,108.12,108.21,7218,10478,1.7659,1.4622,1.61,1.91,1.7454,1.8555,2.2985,1.7659,1.7659,1.4622,1.91,1.61,0.2999999999999998,0.3037000000000001,0.1440999999999999,1.7454,-0.0205,1.8555,2.2985,1.7659,-0.443,-0.0896,-0.1596,1.7359,1.88,0.1440999999999999,0.2999999999999998,0.1558999999999999,-0.0205,-0.5326,6.234000000000009,6.234000000000009,0.001356211,0.001110186,0.7736141298480125,0.001733254,0.001576462,-0.169,
2025/2/27,114.424,114.223,114.455,114.191,546365,6248217911,0.23,-0.19,-0.221,11.98,108.21,108.31,108.005,108.1,4570,11539,1.7741,1.4714,1.644,1.935,1.7779,1.89,2.4318,1.7867,1.7741,1.4714,1.935,1.644,0.2910000000000001,0.3026999999999999,0.1609,1.7779,0.0038,1.89,2.4318,1.7867,-0.5418,-0.1033,-0.1418,1.7441,1.905,0.1609,0.2910000000000001,0.1301000000000001,0.0038,-0.6451,6.123000000000005,6.123000000000005,-0.001931075,-0.001016542,0.7740432663944198,0.00176091,0.001582146,-0.098,
2025/2/28,114.358,114.369,114.395,114.12,361966,4134698805,0.24,0.13,0.146,7.94,108.14,108.32,107.945,108.285,5631,12060,1.8,1.4981,1.6041,1.905,1.743,1.922,2.1357,1.7872,1.8,1.4981,1.905,1.6041,0.3008999999999999,0.3019,0.1049999999999999,1.743,-0.057,1.922,2.1357,1.7872,-0.2137,-0.1348,-0.1969,1.77,1.875,0.1049999999999999,0.3008999999999999,0.1958999999999999,-0.057,-0.3485,6.084000000000003,6.084000000000003,0.001278201,0.001711378,0.7890016909458656,0.001807644,0.001647805,0.11899999999999977,
2025/3/3,114.376,114.559,114.588,114.266,645366,7379125888,0.28,0.17,0.19,14.15,108.28,108.57,108.19,108.495,5589,12337,1.722,1.4641,1.5565,1.89,1.7105,1.946,1.9254,1.7409,1.722,1.4641,1.89,1.5565,0.3334999999999999,0.2579,0.1679999999999999,1.7105,-0.0115,1.946,1.9254,1.7409,0.0206,-0.2051,-0.0899,1.692,1.86,0.1679999999999999,0.3334999999999999,0.1654999999999999,-0.0115,-0.1845,6.063999999999993,6.063999999999993,0.001661289,0.001939327,0.8174489390951324,0.001853561,0.001725722,-0.021,
2025/3/4,114.706,114.539,114.769,114.456,502785,5760666428,0.27,-0.02,-0.02,11.03,108.575,108.65,108.315,108.425,4387,12562,1.7049,1.4449,1.5639,1.9,1.7205,1.9625,1.7868,1.7388,1.7049,1.4449,1.9,1.5639,0.3360999999999998,0.26,0.1950999999999998,1.7205,0.0156,1.9625,1.7868,1.7388,0.1756999999999999,-0.2237,-0.0649,1.6749,1.87,0.1950999999999998,0.3360999999999998,0.141,0.0156,-0.048,6.114000000000004,6.114000000000004,-0.000174583,-0.000645191,0.7844905408959266,0.001591057,0.001604502,-0.256,
2025/3/5,114.603,114.595,114.69,114.548,533131,6110144024,0.12,0.05,0.056,11.69,108.495,108.58,108.425,108.53,2912,12710,1.7038,1.4469,1.5527,1.8925,1.7165,1.975,1.7997,1.7328,1.7038,1.4469,1.8925,1.5527,0.3398000000000001,0.2568999999999999,0.1887000000000001,1.7165,0.0127,1.975,1.7997,1.7328,0.1753,-0.2422,-0.0682,1.6738,1.8625,0.1887000000000001,0.3398000000000001,0.1511,0.0127,-0.0669,6.064999999999998,6.064999999999998,0.000488916,0.000968411,0.7828357836148448,0.00158076,0.00161264,-0.376,
2025/3/6,114.556,114.295,114.556,114.277,594772,6801117559,0.24,-0.26,-0.3,13.04,108.43,108.435,108.175,108.27,3408,12623,1.7301,1.4699,1.598,1.9325,1.7555,1.982,1.8058,1.7477,1.7301,1.4699,1.9325,1.598,0.3345,0.2602,0.2024000000000001,1.7555,0.0254,1.982,1.8058,1.7477,0.1761999999999999,-0.2343,-0.0578,1.7001,1.9025,0.2024000000000001,0.3345,0.1320999999999998,0.0254,-0.0581,6.025000000000006,6.025000000000006,-0.002617915,-0.002395651,0.7901834980477959,0.001590337,0.001640021,-0.096,
2025/3/7,114.28,113.818,114.28,113.741,527750,6010268490,0.47,-0.42,-0.477,11.57,108.035,108.065,107.565,107.615,6992,12953,1.7688,1.5064,1.6672,1.975,1.8035,1.991,1.8107,1.7801,1.7688,1.5064,1.975,1.6672,0.3078000000000001,0.2623999999999999,0.2062000000000001,1.8035,0.0347,1.991,1.8107,1.7801,0.1803000000000001,-0.2109,-0.0562,1.7388,1.945,0.2062000000000001,0.3078000000000001,0.1015999999999999,0.0347,-0.0306,6.203000000000003,6.203000000000003,-0.004173411,-0.006049691,0.8338182430541289,0.001763368,0.002045941,-0.331,
2025/3/10,113.528,113.728,113.922,113.523,636035,7239870308,0.35,-0.08,-0.09,13.95,107.57,107.825,107.51,107.685,2947,12930,1.7955,1.5582,1.6744,1.985,1.823,2.005,1.8247,1.777,1.7955,1.5582,1.985,1.6744,0.3106,0.2373,0.1895,1.823,0.0275,2.005,1.8247,1.777,0.1802999999999999,-0.228,-0.0478,1.7655,1.955,0.1895,0.3106,0.1210999999999999,0.0275,-0.0477,6.042999999999992,6.042999999999992,-0.000790736,0.000650467,0.8290890470504365,0.001763269,0.002058332,-0.155,
2025/3/11,113.588,113.103,113.68,113.074,506932,5743038907,0.53,-0.55,-0.625,11.12,107.645,107.66,107.215,107.245,3598,13253,1.8456,1.5814,1.7368,2.035,1.9004,2.01,1.8232,1.7733,1.8456,1.5814,2.035,1.7368,0.2982000000000002,0.2642,0.1894000000000002,1.9004,0.0548,2.01,1.8232,1.7733,0.1867999999999998,-0.2367,-0.0748,1.8156,2.0050000000000003,0.1894000000000002,0.2982000000000002,0.1088,0.0548,-0.0499,5.858,5.858,-0.005495568,-0.004085992,0.8402425857873894,0.002007915,0.002152833,-0.061,
2025/3/12,113.07,113.344,113.387,112.728,620415,7015266112,0.58,0.21,0.241,13.61,107.145,107.71,107.025,107.655,5636,13442,1.876,1.5937,1.6668,2.0125,1.8531,2.015,1.822,1.741,1.876,1.5937,2.0125,1.6668,0.3457000000000001,0.2823,0.1365000000000003,1.8531,-0.0229,2.015,1.822,1.741,0.193,-0.274,-0.1458,1.846,1.9825,0.1365000000000003,0.3457000000000001,0.2091999999999998,-0.0229,-0.081,5.688999999999993,5.688999999999993,0.002130801,0.003823022,0.8680043199241886,0.002135989,0.002401443,0.11700000000000443,
2025/3/13,113.329,113.549,113.609,113.164,568373,6451003564,0.39,0.18,0.205,12.46,107.56,107.77,107.535,107.62,3445,13426,1.8252,1.5405,1.6792,2.04,1.873,2.012,1.8194,1.7163,1.8252,1.5405,2.04,1.6792,0.3608,0.2846999999999999,0.2148000000000001,1.873,0.0478,2.012,1.8194,1.7163,0.1926000000000001,-0.2957,-0.0699,1.7952,2.01,0.2148000000000001,0.3608,0.1459999999999999,0.0478,-0.1031,5.929000000000002,5.929000000000002,0.001808653,-0.000325113,0.8406316304561436,0.002223768,0.002400008,0.091,
2025/3/14,113.37,113.437,113.61,113.156,520247,5897712710,0.4,-0.1,-0.112,11.41,107.505,107.74,107.34,107.565,4364,13453,1.8588,1.5653,1.6416,2.04,1.8506,2.004,1.8312,1.7247,1.8588,1.5653,2.04,1.6416,0.3984000000000001,0.2935000000000001,0.1812,1.8506,-0.0082,2.004,1.8312,1.7247,0.1728,-0.2793,-0.1123,1.8288,2.01,0.1812,0.3984000000000001,0.2172,-0.0082,-0.1065,5.872,5.872,-0.000986358,-0.000511057,0.8438675360584307,0.002221939,0.002376358,0.3389999999999995,
2025/3/17,113.215,112.938,113.31,112.9,437795,4953066132,0.36,-0.44,-0.499,9.6,107.315,107.475,107.035,107.05,4905,13907,1.878,1.5693,1.7123,2.115,1.9406,1.994,1.9218,1.7395,1.878,1.5693,2.115,1.7123,0.4027000000000003,0.3087,0.2370000000000003,1.9406,0.0626,1.994,1.9218,1.7395,0.0722,-0.2545,-0.0717,1.848,2.0850000000000004,0.2370000000000003,0.4027000000000003,0.1656999999999999,0.0626,-0.1823,5.888000000000005,5.888000000000005,-0.004398917,-0.004787803,0.8606633839082772,0.002342397,0.002536375,0.071,
2025/3/18,112.995,112.967,113.098,112.818,622122,7030914071,0.25,0.03,0.029,13.64,107.14,107.34,107.05,107.17,4570,14170,1.8819,1.5674,1.6974,2.1151,1.9331,1.992,1.9828,1.7345,1.8819,1.5674,2.1151,1.6974,0.4176999999999999,0.3145,0.2332,1.9331,0.0512,1.992,1.9828,1.7345,0.0092,-0.2575,-0.0813,1.8519,2.0851,0.2332,0.4176999999999999,0.1844999999999999,0.0512,-0.2483,5.796999999999997,5.796999999999997,0.000256778,0.001120972,0.8669977034129034,0.002347508,0.002571558,0.3270000000000124,
2025/3/19,113.163,112.991,113.183,112.984,410326,4639021148,0.18,0.02,0.024,9,107.3,107.365,107.12,107.185,3038,14214,1.8836,1.5666,1.6991,2.1051,1.9132,1.987,2.0549,1.7427,1.8836,1.5666,2.1051,1.6991,0.4060000000000001,0.3169999999999999,0.2215000000000002,1.9132,0.0296,1.987,2.0549,1.7427,-0.0679,-0.2443,-0.0955,1.8536,2.0751000000000004,0.2215000000000002,0.4060000000000001,0.1844999999999999,0.0296,-0.3122,5.805999999999997,5.805999999999997,0.000212451,0.000139965,0.8646963791968744,0.002325541,0.002553371,0.16899999999999693,
2025/3/20,113.29,113.495,113.598,113.288,571489,6481446872,0.27,0.45,0.504,12.53,107.4,107.56,107.365,107.475,3253,14515,1.8479,1.5478,1.6741,2.0526,1.8598,1.98,1.9631,1.7199,1.8479,1.5478,2.0526,1.6741,0.3785,0.3001,0.2046999999999998,1.8598,0.0119,1.98,1.9631,1.7199,0.0169,-0.2601,-0.0954,1.8179,2.0226,0.2046999999999998,0.3785,0.1738000000000001,0.0119,-0.2432,6.02,6.02,0.004460532,0.002705602,0.8780686977765501,0.002624646,0.002614979,0.071,
2025/3/21,113.64,113.581,113.657,113.443,560402,6362523862,0.19,0.08,0.086,12.29,107.475,107.52,107.3,107.37,4189,15009,1.8387,1.5374,1.6981,2.0676,1.8783,1.968,1.8179,1.7256,1.8387,1.5374,2.0676,1.6981,0.3695000000000001,0.3012999999999999,0.2289000000000001,1.8783,0.0396,1.968,1.8179,1.7256,0.1500999999999999,-0.2424,-0.0724,1.8087,2.0376000000000003,0.2289000000000001,0.3695000000000001,0.1406,0.0396,-0.0923,6.210999999999999,6.210999999999999,0.000757743,-0.000976971,0.8654517953313837,0.00263192,0.002572211,-0.383,
2025/3/24,113.458,113.489,113.558,113.325,508408,5770160374,0.21,-0.08,-0.092,11.15,107.33,107.55,107.22,107.53,4075,15126,1.85,1.5393,1.6927,2.0501,1.8609,1.961,1.8098,1.722,1.85,1.5393,2.0501,1.6927,0.3573999999999999,0.3107000000000002,0.2000999999999999,1.8609,0.0109,1.961,1.8098,1.722,0.1512,-0.239,-0.1106,1.82,2.0201,0.2000999999999999,0.3573999999999999,0.1573,0.0109,-0.0878,5.959000000000003,5.959000000000003,-0.000809995,0.001490174,0.851960712,0.002430164,0.002543535,-0.023,
2025/3/25,113.813,113.739,113.911,113.647,483550,5499985711,0.23,0.22,0.25,10.6,107.705,107.81,107.59,107.615,3236,14959,1.8148,1.5218,1.6773,2.0276,1.8533,1.942,2.1985,1.7191,1.8148,1.5218,2.0276,1.6773,0.3503,0.2929999999999999,0.2128000000000001,1.8533,0.0385,1.942,2.1985,1.7191,-0.2565,-0.2229,-0.0802,1.7848,1.9976,0.2128000000000001,0.3503,0.1374999999999999,0.0385,-0.4794,6.124000000000009,6.124000000000009,0.002202857,0.000790477,0.8688337963747527,0.002496516,0.002503938,0.098,
2025/3/26,113.695,113.875,113.882,113.605,418473,4759940542,0.24,0.12,0.136,9.18,107.58,107.9,107.55,107.9,2336,15199,1.8309,1.5227,1.6517,2.0001,1.8233,1.934,2.2525,1.7129,1.8309,1.5227,2.0001,1.6517,0.3484000000000002,0.3082,0.1692000000000002,1.8233,-0.0076,1.934,2.2525,1.7129,-0.3185,-0.2211,-0.139,1.8009,1.9701,0.1692000000000002,0.3484000000000002,0.1792,-0.0076,-0.5396,5.974999999999994,5.974999999999994,0.00119572,0.00264833,0.8648576585007012,0.002491374,0.002569614,0.36600000000001387,
2025/3/27,113.873,113.921,113.945,113.764,407752,4643262376,0.16,0.04,0.046,8.94,107.86,108.015,107.785,107.83,3805,15389,1.8079,1.5165,1.6579,2.0101,1.8448,1.924,2.2932,1.7036,1.8079,1.5165,2.0101,1.6579,0.3522,0.2914000000000001,0.2021999999999999,1.8448,0.0369,1.924,2.2932,1.7036,-0.3692,-0.2204,-0.0892,1.7779,1.9801,0.2021999999999999,0.3522,0.1500000000000001,0.0369,-0.5896,6.091000000000008,6.091000000000008,0.000403952,-0.000648749,0.8612764165597072,0.002462812,0.002564324,0.2989999999999924,
2025/3/28,113.798,113.743,113.942,113.739,529511,6028926828,0.18,-0.16,-0.178,11.61,107.805,108.08,107.805,107.915,5915,15719,1.8126,1.5161,1.6562,2.0251,1.8583,1.921,2.257,1.7028,1.8126,1.5161,2.0251,1.6562,0.3689000000000002,0.2965,0.2125000000000001,1.8583,0.0457,1.921,2.257,1.7028,-0.336,-0.2182,-0.084,1.7826,1.9951,0.2125000000000001,0.3689000000000002,0.1564000000000001,0.0457,-0.5542,5.827999999999989,5.827999999999989,-0.001562486,0.000788278,0.8376780509679416,0.002459267,0.00253776,0.7270000000000039,
2025/3/31,113.78,113.831,113.906,113.726,646358,7358818539,0.16,0.08,0.088,14.17,107.88,108.055,107.835,107.895,4176,16004,1.8209,1.5176,1.6523,2.0226,1.8409,1.912,2.303,1.7053,1.8209,1.5176,2.0226,1.6523,0.3703000000000001,0.3032999999999999,0.2017000000000002,1.8409,0.02,1.912,2.303,1.7053,-0.391,-0.2067,-0.1016,1.7909,1.9926,0.2017000000000002,0.3703000000000001,0.1685999999999998,0.02,-0.5977,5.936000000000007,5.936000000000007,0.000773674,-0.000185331,0.8278532926548677,0.00243039,0.002488899,0.41500000000000625,
2025/4/1,113.99,114.017,114.06,113.929,596955,6805654958,0.12,0.16,0.186,13.09,107.92,107.98,107.77,107.795,2949,16289,1.8063,1.5354,1.6669,2.0201,1.8459,1.907,1.9802,1.7136,1.8063,1.5354,2.0201,1.6669,0.3531999999999997,0.2708999999999999,0.2137999999999997,1.8459,0.0396,1.907,1.9802,1.7136,-0.0732,-0.1934,-0.0571,1.7763,1.9901,0.2137999999999997,0.3531999999999997,0.1393999999999999,0.0396,-0.2666,6.221999999999994,6.221999999999994,0.001634001,-0.000926827,0.8036220360448473,0.002469261,0.002491903,-0.036,
2025/4/2,114.138,114.411,114.427,114.052,715591,8175029149,0.33,0.35,0.394,15.69,107.795,108.075,107.795,108.07,3737,16430,1.809,1.5451,1.6368,1.9801,1.818,1.902,1.9051,1.7066,1.809,1.5451,1.9801,1.6368,0.3432999999999999,0.2639,0.1711,1.818,0.009,1.902,1.9051,1.7066,-0.0031,-0.1954,-0.0928,1.779,1.9501,0.1711,0.3432999999999999,0.1721999999999999,0.009,-0.1985,6.341000000000008,6.341000000000008,0.003455625,0.002551139,0.8171674478430957,0.002600078,0.002558167,-0.17,
2025/4/3,114.88,115,115.027,114.619,783643,8999296261,0.36,0.51,0.589,17.18,108.35,108.655,108.32,108.61,6587,15896,1.7476,1.5025,1.5616,1.9052,1.7385,1.871,1.7428,1.6379,1.7476,1.5025,1.9052,1.5616,0.3435999999999999,0.2451000000000001,0.1575999999999999,1.7385,-0.0091,1.871,1.7428,1.6379,0.1282000000000001,-0.2331,-0.0875,1.7176,1.8752,0.1575999999999999,0.3435999999999999,0.1859999999999999,-0.0091,-0.1049,6.390000000000001,6.390000000000001,0.005148106,0.004996761,0.8411322200991074,0.002774695,0.002752317,-0.283,
2025/4/7,115.668,115.755,115.767,115.37,470120,5433178483,0.35,0.66,0.755,10.31,109.12,109.21,108.92,109.2,6686,15461,1.6475,1.4506,1.4967,1.8252,1.6675,1.824,1.7605,1.5456,1.6475,1.4506,1.8252,1.4967,0.3285,0.1969,0.1776999999999999,1.6675,0.02,1.824,1.7605,1.5456,0.0635,-0.2784,-0.0192,1.6175,1.7952,0.1776999999999999,0.3285,0.1508,0.02,-0.2149,6.554999999999993,6.554999999999993,0.006565217,0.005432281,0.8516111023218693,0.002897507,0.002580961,-0.56,
2025/4/8,115.346,115.296,115.468,115.279,501886,5790650111,0.16,-0.4,-0.459,11.01,109.1,109.155,108.94,108.945,5872,16721,1.6549,1.4506,1.5452,1.8551,1.7075,1.81,1.8716,1.5531,1.6549,1.4506,1.8551,1.5452,0.3099,0.2043000000000001,0.2001999999999999,1.7075,0.0526,1.81,1.8716,1.5531,-0.0616,-0.2569,-0.0041,1.6249,1.8251,0.2001999999999999,0.3099,0.1097000000000001,0.0526,-0.3185,6.351000000000013,6.351000000000013,-0.003965271,-0.002335165,0.866606263,0.003073608,0.002670855,-0.248,
2025/4/9,115.43,115.271,115.489,115.228,608053,7012101256,0.23,-0.02,-0.025,13.33,109.05,109.32,109,109.085,8472,16922,1.65,1.4559,1.5216,1.8552,1.705,1.806,1.8435,1.5349,1.65,1.4559,1.8552,1.5216,0.3335999999999999,0.1940999999999999,0.2052,1.705,0.055,1.806,1.8435,1.5349,-0.0375,-0.2711,0.0111,1.62,1.8252,0.2052,0.3335999999999999,0.1283999999999998,0.055,-0.3086,6.186000000000007,6.186000000000007,-0.000216833,0.001285052,0.8275425806611562,0.002720959,0.002436166,-0.132,
2025/4/10,115.155,115.241,115.255,114.8,471596,5424689001,0.39,-0.03,-0.03,10.34,108.99,109.215,108.845,109.07,6574,18017,1.664,1.4323,1.4916,1.8602,1.7,1.8,1.7618,1.5119,1.664,1.4323,1.8602,1.4916,0.3686,0.2317,0.1962000000000001,1.7,0.036,1.8,1.7618,1.5119,0.0382,-0.2881,-0.0355,1.634,1.8302,0.1962000000000001,0.3686,0.1723999999999999,0.036,-0.2499,6.171000000000007,6.171000000000007,-0.000260256,-0.000137507,0.8388387686636718,0.002719028,0.00234122,-0.012,
2025/4/11,115.37,115.147,115.44,115.036,465983,5370983342,0.35,-0.08,-0.094,10.22,109.225,109.295,108.935,109.04,6676,18735,1.6421,1.3977,1.4895,1.8627,1.7,1.786,1.7014,1.466,1.6421,1.3977,1.8627,1.4895,0.3732,0.2443999999999999,0.2206000000000001,1.7,0.0579,1.786,1.7014,1.466,0.0846,-0.32,-0.0238,1.6121,1.8327,0.2206000000000001,0.3732,0.1525999999999998,0.0579,-0.2354,6.106999999999999,6.106999999999999,-0.000815682,-0.000275053,0.855556447,0.002732793,0.002340143,-0.058,
2025/4/14,115.075,115.14,115.18,114.978,568596,6544760812,0.18,-0.01,-0.007,12.47,108.925,109.145,108.88,109.145,5089,19599,1.674,1.4028,1.5043,1.8602,1.7025,1.777,1.7416,1.4896,1.674,1.4028,1.8602,1.5043,0.3559000000000001,0.2711999999999999,0.1862000000000001,1.7025,0.0285,1.777,1.7416,1.4896,0.0354,-0.2874,-0.085,1.644,1.8302,0.1862000000000001,0.3559000000000001,0.1696999999999999,0.0285,-0.252,5.9950000000000045,5.9950000000000045,-6.08E-05,0.000962949,0.8493956940900891,0.002710433,0.002324539,0.19699999999998852,
2025/4/15,115.233,115.168,115.233,115.113,606255,6982247228,0.1,0.02,0.028,13.29,109.1,109.17,109.035,109.065,4324,20613,1.6616,1.407,1.5015,1.8602,1.69,1.775,1.7293,1.5248,1.6616,1.407,1.8602,1.5015,0.3587,0.2545999999999999,0.1986000000000001,1.69,0.0284,1.775,1.7293,1.5248,0.0457,-0.2502,-0.056,1.6316,1.8302,0.1986000000000001,0.3587,0.1600999999999999,0.0284,-0.2045,6.103000000000009,6.103000000000009,0.000243182,-0.00073297,0.8042503547156568,0.00243074,0.001967132,0.048,
2025/4/16,115.3,115.289,115.374,115.22,529844,6109728870,0.13,0.11,0.121,11.62,109.155,109.305,109.015,109.235,11145,24744,1.6503,1.4174,1.4896,1.8652,1.67,1.772,1.7407,1.5206,1.6503,1.4174,1.8652,1.4896,0.3755999999999999,0.2329000000000001,0.2148999999999998,1.67,0.0197,1.772,1.7407,1.5206,0.0313,-0.2514,-0.018,1.6203,1.8352,0.2148999999999998,0.3755999999999999,0.1607,0.0197,-0.2201,6.054000000000002,6.054000000000002,0.001050639,0.001558704,0.8061186140651726,0.002424767,0.001971743,0.14699999999999136,
2025/4/17,115.343,115.249,115.358,115.227,626832,7226147766,0.11,-0.03,-0.04,13.75,109.345,109.345,109.05,109.09,11917,28931,1.652,1.4194,1.5048,1.8982,1.6875,1.767,1.7206,1.5229,1.652,1.4194,1.8982,1.5048,0.3934000000000002,0.2325999999999999,0.2462000000000002,1.6875,0.0355,1.767,1.7206,1.5229,0.0464,-0.2441,0.0136,1.622,1.8682,0.2462000000000002,0.3934000000000002,0.1472,0.0355,-0.1977,6.158999999999992,6.158999999999992,-0.000346954,-0.001327413,0.8045076259584611,0.002437772,0.002030163,0.060000000000002274,
2025/4/18,115.243,115.194,115.281,115.077,772603,8898740454,0.18,-0.05,-0.055,16.94,109.15,109.2,109.02,109.145,8037,30626,1.6577,1.4379,1.504,1.9042,1.681,1.761,1.7116,1.5262,1.6577,1.4379,1.9042,1.504,0.4001999999999999,0.2198,0.2464999999999999,1.681,0.0233,1.761,1.7116,1.5262,0.0494,-0.2348,0.0267,1.6277,1.8742,0.2464999999999999,0.4001999999999999,0.1536999999999999,0.0233,-0.1854,6.049000000000007,6.049000000000007,-0.000477228,0.000504171,0.7940766045858116,0.002315021,0.001985339,0.16599999999999682,
2025/4/21,115.28,115.122,115.28,115.063,584893,6732948315,0.19,-0.06,-0.072,12.83,109.035,109.14,108.885,108.93,7506,31330,1.6631,1.4431,1.5303,1.9227,1.6951,1.759,1.7262,1.5421,1.6631,1.4431,1.9227,1.5303,0.3924000000000001,0.2199999999999999,0.2596,1.6951,0.032,1.759,1.7262,1.5421,0.0328,-0.2169,0.0396,1.6331,1.8927,0.2596,0.3924000000000001,0.1328,0.032,-0.1841,6.191999999999993,6.191999999999993,-0.000625033,-0.001969857,0.8059574063322943,0.002335205,0.002042981,0.009,
2025/4/22,115.267,115.251,115.267,115.154,596650,6874518859,0.1,0.11,0.129,13.08,108.98,109.1,108.98,109.1,5382,32354,1.6607,1.4399,1.5179,1.9052,1.6801,1.755,1.7244,1.5255,1.6607,1.4399,1.9052,1.5179,0.3873,0.2208000000000001,0.2444999999999999,1.6801,0.0194,1.755,1.7244,1.5255,0.0306,-0.2295,0.0237,1.6307,1.8752,0.2444999999999999,0.3873,0.1428,0.0194,-0.1989,6.1510000000000105,6.1510000000000105,0.00112055,0.001560635,0.8308376769537407,0.002310288,0.002044433,0.058,
2025/4/23,115.188,115.121,115.188,115.105,585675,6743149650,0.07,-0.11,-0.13,12.84,109.02,109.02,108.84,108.92,8679,33318,1.6715,1.4494,1.5379,1.9279,1.6971,1.753,1.7012,1.532,1.6715,1.4494,1.9279,1.5379,0.3899999999999999,0.2220999999999999,0.2563999999999999,1.6971,0.0256,1.753,1.7012,1.532,0.0518,-0.221,0.0343,1.6415,1.8979,0.2563999999999999,0.3899999999999999,0.1335999999999999,0.0256,-0.1692,6.200999999999993,6.200999999999993,-0.001127973,-0.001649863,0.8433655267895943,0.002321826,0.002112146,0.2330000000000041,
2025/4/24,115.188,115.064,115.237,115.06,575790,6629948379,0.15,-0.05,-0.057,12.63,108.925,109.065,108.84,108.845,9607,35883,1.6651,1.4449,1.547,1.9327,1.6991,1.75,1.7721,1.5295,1.6651,1.4449,1.9327,1.547,0.3857000000000001,0.2201999999999999,0.2676,1.6991,0.034,1.75,1.7721,1.5295,-0.0221,-0.2205,0.0474,1.6351,1.9027,0.2676,0.3857000000000001,0.1181000000000001,0.034,-0.2426,6.218999999999994,6.218999999999994,-0.000495131,-0.000688579,0.8553265575569278,0.002330016,0.002073686,0.095,
2025/4/25,115.133,115.135,115.198,115.082,794097,9143553110,0.1,0.06,0.071,17.41,108.86,109.035,108.82,108.92,11001,37632,1.6713,1.4552,1.5433,1.9276,1.6961,1.75,1.6587,1.5172,1.6713,1.4552,1.9276,1.5433,0.3843000000000001,0.2160999999999999,0.2563,1.6961,0.0248,1.75,1.6587,1.5172,0.0913,-0.2328,0.0402,1.6413,1.8976,0.2563,0.3843000000000001,0.1280000000000001,0.0248,-0.1415,6.215000000000003,6.215000000000003,0.000617048,0.000689053,0.860446075,0.002329934,0.002058301,0.17600000000000193,
2025/4/28,115.249,115.211,115.268,115.149,514317,5926738345,0.1,0.07,0.076,11.28,109,109.095,108.87,109.01,10634,40352,1.6609,1.4596,1.5393,1.9005,1.6876,1.75,1.7862,1.5112,1.6609,1.4596,1.9005,1.5393,0.3612000000000002,0.2013,0.2396,1.6876,0.0267,1.75,1.7862,1.5112,-0.0362,-0.2388,0.0383,1.6309,1.8705,0.2396,0.3612000000000002,0.1216000000000001,0.0267,-0.275,6.200999999999993,6.200999999999993,0.000660095,0.000826295,0.8873421731371284,0.002277148,0.002058594,0.13400000000000034,
2025/4/29,115.325,115.454,115.485,115.278,545067,6288406515,0.18,0.21,0.243,11.95,109.175,109.245,109.06,109.245,11868,45364,1.6493,1.4589,1.5352,1.8225,1.6551,1.75,1.8116,1.5171,1.6493,1.4589,1.8225,1.5352,0.2873000000000001,0.1903999999999999,0.1732,1.6551,0.0058,1.75,1.8116,1.5171,-0.0616,-0.2329,-0.0172,1.6193,1.7925,0.1732,0.2873000000000001,0.1141,0.0058,-0.2945,6.208999999999989,6.208999999999989,0.002109174,0.002155766,0.8935622903990242,0.002300615,0.002083568,0.2400000000000091,
2025/4/30,115.486,115.579,115.584,115.4,383439,4428986015,0.16,0.11,0.125,8.41,109.21,109.25,109.1,109.145,10677,46932,1.6405,1.4553,1.5163,1.824,1.6591,1.75,1.8396,1.5235,1.6405,1.4553,1.824,1.5163,0.3077000000000001,0.1852,0.1835,1.6591,0.0186,1.75,1.8396,1.5235,-0.0896,-0.2265,-0.0017,1.6105,1.794,0.1835,0.3077000000000001,0.1242,0.0186,-0.3161,6.4339999999999975,6.4339999999999975,0.001082682,-0.000915374,0.9064873764974838,0.002292257,0.00208312,0.41200000000000614,
2025/5/6,115.513,115.529,115.578,115.435,759816,8777368277,0.12,-0.04,-0.05,16.66,109.1,109.275,109.08,109.215,10311,50098,1.6371,1.4607,1.5255,1.827,1.6592,1.748,1.7558,1.5281,1.6371,1.4607,1.827,1.5255,0.3014999999999999,0.1763999999999999,0.1898999999999999,1.6592,0.0221,1.748,1.7558,1.5281,-0.0078,-0.2199,0.0135,1.6071,1.797,0.1898999999999999,0.3014999999999999,0.1115999999999999,0.0221,-0.2277,6.313999999999993,6.313999999999993,-0.000432605,0.000641349,0.8968996464152285,0.002208072,0.002033335,0.21300000000000807,
2025/5/7,115.588,115.411,115.588,115.387,822584,9496334269,0.17,-0.1,-0.118,18.04,109.135,109.275,108.935,109.02,26531,54128,1.6466,1.4462,1.5156,1.8475,1.6732,1.737,1.7139,1.515,1.6466,1.4462,1.8475,1.5156,0.3318999999999998,0.2004000000000001,0.2008999999999998,1.6732,0.0266,1.737,1.7139,1.515,0.0231,-0.222,0.0005,1.6166,1.8175,0.2008999999999998,0.3318999999999998,0.131,0.0266,-0.1989,6.391000000000005,6.391000000000005,-0.001021389,-0.001785469,0.8611568432356623,0.001937206,0.001801335,0.23000000000000398,
2025/5/8,115.515,115.55,115.594,115.472,712618,8234166689,0.11,0.12,0.139,15.63,109.13,109.3,109.115,109.215,20546,62488,1.6446,1.4155,1.5009,1.8375,1.6612,1.72,1.6477,1.4905,1.6446,1.4155,1.8375,1.5009,0.3366,0.2291,0.1928999999999998,1.6612,0.0166,1.72,1.6477,1.4905,0.0723,-0.2295,-0.0362,1.6146,1.8075,0.1928999999999998,0.3366,0.1437000000000001,0.0166,-0.1572,6.334999999999994,6.334999999999994,0.001204391,0.001788663,0.7365310452114129,0.001259612,0.001377668,0.29300000000000637,
2025/5/9,115.654,115.664,115.699,115.61,820226,9486324483,0.08,0.1,0.114,17.99,109.27,109.345,109.165,109.215,22002,69213,1.6414,1.4043,1.4957,1.8425,1.6642,1.696,1.5805,1.4846,1.6414,1.4043,1.8425,1.4957,0.3468,0.2370999999999998,0.2011,1.6642,0.0228,1.696,1.5805,1.4846,0.1154999999999999,-0.2114,-0.036,1.6114,1.8125,0.2011,0.3468,0.1456999999999999,0.0228,-0.0959,6.448999999999998,6.448999999999998,0.000986586,0,0.6845531936588971,0.000889707,0.001262819,0.089,
2025/5/12,115.58,115.571,115.685,115.49,719694,8320209241,0.17,-0.08,-0.093,15.78,109.065,109.235,108.525,108.725,47986,77328,1.6595,1.4076,1.5519,1.905,1.7227,1.672,1.5499,1.4938,1.6595,1.4076,1.905,1.5519,0.3530999999999999,0.2519,0.2455,1.7227,0.0632,1.672,1.5499,1.4938,0.1220999999999998,-0.1782,-0.0064,1.6295,1.875,0.2455,0.3530999999999999,0.1075999999999999,0.0632,-0.0561,6.846000000000004,6.846000000000004,-0.000804053,-0.004486563,0.697529937,0.000912193,0.001598507,-0.382,
2025/5/13,115.246,115.417,115.462,115.16,958746,11065642395,0.26,-0.13,-0.154,21.02,108.79,108.9,108.745,108.89,43058,86981,1.6866,1.4296,1.5421,1.879,1.6993,1.662,1.5337,1.4992,1.6866,1.4296,1.879,1.5421,0.3369,0.2570000000000001,0.1923999999999999,1.6993,0.0127,1.662,1.5337,1.4992,0.1282999999999998,-0.1628,-0.0646,1.6566,1.849,0.1923999999999999,0.3369,0.1445,0.0127,-0.0345,6.527000000000001,6.527000000000001,-0.001332514,0.00151759,0.5626671293104165,0.000966267,0.001642199,0.024,
2025/5/14,115.496,115.311,115.496,115.264,792553,9140987564,0.2,-0.09,-0.106,17.38,108.865,108.875,108.64,108.69,42711,94743,1.6831,1.4177,1.5622,1.8775,1.7003,1.653,1.544,1.5189,1.6831,1.4177,1.8775,1.5622,0.3152999999999999,0.2654000000000001,0.1943999999999999,1.7003,0.0172,1.653,1.544,1.5189,0.1089999999999999,-0.1341,-0.071,1.6531,1.8475,0.1943999999999999,0.3152999999999999,0.1209,0.0172,-0.0251,6.621000000000009,6.621000000000009,-0.000918409,-0.001836716,0.5945674670757055,0.00097152,0.001688374,-0.062,
2025/5/15,115.381,115.323,115.387,115.283,706856,8152812972,0.09,0.01,0.012,15.5,108.74,108.74,108.57,108.695,38179,100297,1.686,1.4289,1.577,1.8825,1.7123,1.645,1.5456,1.5383,1.686,1.4289,1.8825,1.577,0.3055000000000001,0.2570999999999999,0.1965000000000001,1.7123,0.0263,1.645,1.5456,1.5383,0.0994,-0.1067,-0.0606,1.656,1.8525,0.1965000000000001,0.3055000000000001,0.1089999999999999,0.0263,-0.0073,6.628,6.628,0.000104066,4.600239212426693e-05,0.607191954,0.000971036,0.001668628,-0.044,
2025/5/16,115.289,115.188,115.289,115.147,1025033,11806793655,0.12,-0.12,-0.135,22.48,108.61,108.69,108.48,108.65,51878,109113,1.6972,1.4489,1.577,1.878,1.7133,1.647,1.6251,1.572,1.6972,1.4489,1.878,1.577,0.3009999999999999,0.2482999999999999,0.1807999999999998,1.7133,0.0161,1.647,1.6251,1.572,0.0219,-0.075,-0.0675,1.6672,1.848,0.1807999999999998,0.3009999999999999,0.1202,0.0161,-0.0531,6.537999999999997,6.537999999999997,-0.001170625,-0.000414002,0.5971263156024011,0.001009231,0.001664838,0.069,
2025/5/19,115.25,115.294,115.312,115.211,1190141,13718317893,0.09,0.09,0.106,26.1,108.64,108.84,108.635,108.83,60025,125036,1.6883,1.4453,1.5672,1.861,1.6928,1.645,1.6374,1.5555,1.6883,1.4453,1.861,1.5672,0.2938,0.2429999999999998,0.1727,1.6928,0.0045,1.645,1.6374,1.5555,0.0076,-0.0895,-0.0703,1.6583,1.831,0.1727,0.2938,0.1210999999999999,0.0045,-0.0819,6.463999999999999,6.463999999999999,0.000920235,0.001656696,0.594771843,0.001002548,0.001670388,0.16400000000000148,
2025/5/20,115.4,115.391,115.456,115.321,1238113,14285592402,0.12,0.08,0.097,27.15,108.885,108.945,108.78,108.84,76231,142998,1.6797,1.4377,1.5722,1.872,1.7028,1.642,1.5986,1.5552,1.6797,1.4377,1.872,1.5722,0.2998,0.242,0.1923000000000001,1.7028,0.0231,1.642,1.5986,1.5552,0.0434,-0.0868,-0.0497,1.6497,1.842,0.1923000000000001,0.2998,0.1074999999999999,0.0231,-0.0434,6.551000000000002,6.551000000000002,0.000841327,9.188642837454351e-05,0.5865633999048429,0.001015861,0.001649287,0.063,-0.065257554
2025/5/21,115.4,115.394,115.408,115.321,877709,10126742354,0.08,0,0.003,19.25,108.895,108.895,108.72,108.835,52668,149750,1.6853,1.4489,1.5647,1.885,1.71,1.64,1.5884,1.5581,1.6853,1.4489,1.885,1.5647,0.3203,0.2363999999999999,0.1997,1.71,0.0247,1.64,1.5884,1.5581,0.0516,-0.0819,-0.0367,1.6553,1.855,0.1997,0.3203,0.1206,0.0247,-0.0303,6.559000000000012,6.559000000000012,2.599856141283219e-05,-4.59E-05,0.6043377838042264,0.001008002,0.001643021,0.071,-0.070722331
2025/5/22,115.4,115.399,115.456,115.385,594647,6863259823,0.06,0,0.005,13.04,108.84,108.96,108.77,108.815,65126,156071,1.6943,1.4417,1.5649,1.887,1.7186,1.64,1.5777,1.5501,1.6943,1.4417,1.887,1.5649,0.3221,0.2525999999999999,0.1927000000000001,1.7186,0.0243,1.64,1.5777,1.5501,0.0623,-0.0899,-0.0599,1.6643,1.857,0.1927000000000001,0.3221,0.1293999999999999,0.0243,-0.0276,6.584000000000003,6.584000000000003,4.3329809175540746e-05,-0.000183764,0.5894145291021843,0.00099413,0.001585927,0.030000000000001137,-0.044172186
2025/5/23,115.422,115.457,115.459,115.308,848662,9790823877,0.13,0.05,0.058,18.61,108.775,108.88,108.69,108.85,63496,163964,1.7127,1.4519,1.565,1.889,1.7034,1.642,1.6266,1.5575,1.7127,1.4519,1.889,1.565,0.324,0.2607999999999999,0.1763000000000001,1.7034,-0.0093,1.642,1.6266,1.5575,0.0154,-0.0845,-0.0845,1.6827,1.859,0.1763000000000001,0.324,0.1476999999999999,-0.0093,-0.0691,6.606999999999999,6.606999999999999,0.000502604,0.000321647,0.567329301,0.000970745,0.00154326,-0.063,-0.045681467
2025/5/26,115.5,115.483,115.521,115.457,625442,7223216278,0.06,0.02,0.026,13.72,108.89,108.935,108.825,108.855,52310,166526,1.7002,1.4511,1.5628,1.8875,1.694,1.643,1.696,1.5543,1.7002,1.4511,1.8875,1.5628,0.3247,0.2490999999999998,0.1873,1.694,-0.0062,1.643,1.696,1.5543,-0.053,-0.0887,-0.0618,1.6702,1.8575,0.1873,0.3247,0.1373999999999999,-0.0062,-0.1417,6.628,6.628,0.000225192,4.593477262293533e-05,0.5364072907707629,0.000927604,0.0015004,-0.03,-0.045099353
2025/5/27,115.522,115.349,115.522,115.3,797635,9206733453,0.19,-0.12,-0.134,17.49,108.88,108.89,108.705,108.735,58575,165848,1.7064,1.4516,1.5703,1.901,1.71,1.644,1.6794,1.5559,1.7064,1.4516,1.901,1.5703,0.3307,0.2547999999999999,0.1946000000000001,1.71,0.0036,1.644,1.6794,1.5559,-0.0354,-0.0881,-0.0602,1.6764,1.871,0.1946000000000001,0.3307,0.1360999999999999,0.0036,-0.1235,6.614000000000004,6.614000000000004,-0.001160344,-0.001102384,0.5472580820182644,0.000963466,0.00151278,-0.035,-0.045997528
2025/5/28,115.362,115.36,115.367,115.281,668259,7707049592,0.07,0.01,0.011,14.65,108.7,108.785,108.635,108.73,49829,168138,1.718,1.4678,1.5753,1.906,1.7155,1.647,1.6948,1.5515,1.718,1.4678,1.906,1.5753,0.3307,0.2502,0.1879999999999999,1.7155,-0.0025,1.647,1.6948,1.5515,-0.0478,-0.0955,-0.0622,1.688,1.876,0.1879999999999999,0.3307,0.1427,-0.0025,-0.1433,6.629999999999996,6.629999999999996,9.5362768641305e-05,-4.60E-05,0.5408990451428226,0.000956455,0.001502789,-0.009,-0.043586131
2025/5/29,115.201,115.089,115.23,115.026,728628,8387102395,0.18,-0.23,-0.271,15.98,108.61,108.62,108.455,108.475,72334,166334,1.7404,1.4766,1.5903,1.916,1.7265,1.652,1.7402,1.5675,1.7404,1.4766,1.916,1.5903,0.3256999999999999,0.2638,0.1755999999999999,1.7265,-0.0139,1.652,1.7402,1.5675,-0.0882,-0.0845,-0.0882,1.7104,1.886,0.1755999999999999,0.3256999999999999,0.1500999999999999,-0.0139,-0.1727,6.614000000000004,6.614000000000004,-0.002349168,-0.002345259,0.5945171386232357,0.001090668,0.001567378,-0.077,-0.050215593
2025/5/30,115.251,115.269,115.33,115.243,610366,7036935916,0.08,0.16,0.18,13.39,108.65,108.76,108.63,108.725,62469,164631,1.7195,1.4669,1.564,1.896,1.709,1.652,1.6972,1.5525,1.7195,1.4669,1.896,1.564,0.3319999999999998,0.2525999999999999,0.1764999999999998,1.709,-0.0105,1.652,1.6972,1.5525,-0.0452,-0.0995,-0.0761,1.6895,1.866,0.1764999999999998,0.3319999999999998,0.1554999999999999,-0.0105,-0.1447,6.544000000000011,6.544000000000011,0.001564007,0.002304678,0.5848705241672643,0.001039409,0.001579687,0.022999999999981924,-0.039694166
2025/6/3,115.31,115.283,115.323,115.271,712329,8213318684,0.05,0.01,0.014,15.62,108.7,108.75,108.65,108.685,42868,167327,1.7241,1.464,1.5797,1.895,1.7171,1.652,1.5877,1.5556,1.7241,1.464,1.895,1.5797,0.3152999999999999,0.2601,0.1709,1.7171,-0.007,1.652,1.5877,1.5556,0.0643,-0.0964,-0.0892,1.6941,1.865,0.1709,0.3152999999999999,0.1443999999999998,-0.007,-0.0321,6.597999999999999,6.597999999999999,0.000121455,-0.000367901,0.6344262760683922,0.00100447,0.001572044,-0.064,-0.033052373
2025/6/4,115.33,115.344,115.351,115.272,858989,9903513743,0.07,0.05,0.061,18.84,108.72,108.775,108.62,108.765,55709,170547,1.6782,1.4605,1.565,1.891,1.7107,1.652,1.575,1.5516,1.6782,1.4605,1.891,1.565,0.326,0.2177,0.2128000000000001,1.7107,0.0325,1.652,1.575,1.5516,0.077,-0.1004,-0.0049,1.6482,1.861,0.2128000000000001,0.326,0.1131999999999999,0.0325,-0.0234,6.5789999999999935,6.5789999999999935,0.000529133,0.000736072,0.6574483830508865,0.001012099,0.001574884,0.026,0.008580278
2025/6/5,115.35,115.341,115.394,115.31,522190,6023699935,0.07,0,-0.003,11.45,108.72,108.86,108.695,108.72,64481,169240,1.6695,1.4355,1.5585,1.896,1.7146,1.652,1.5677,1.5385,1.6695,1.4355,1.896,1.5585,0.3374999999999999,0.2339999999999999,0.2264999999999999,1.7146,0.0451,1.652,1.5677,1.5385,0.0843,-0.1135,-0.0075,1.6395,1.866,0.2264999999999999,0.3374999999999999,0.1109999999999999,0.0451,-0.0292,6.620999999999995,6.620999999999995,-2.60E-05,-0.000413736,0.6382489403824647,0.000987527,0.001531721,-0.022,0.014430163700482336
2025/6/6,115.397,115.462,115.465,115.386,756411,8731336268,0.07,0.1,0.121,16.59,108.82,108.93,108.81,108.925,54263,177112,1.6697,1.4156,1.5459,1.876,1.6967,1.651,1.5514,1.525,1.6697,1.4156,1.876,1.5459,0.3300999999999998,0.2541,0.2062999999999999,1.6967,0.027,1.651,1.5514,1.525,0.0996,-0.126,-0.0478,1.6397,1.846,0.2062999999999999,0.3300999999999998,0.1237999999999999,0.027,-0.0264,6.537000000000006,6.537000000000006,0.001049063,0.001885578,0.6350265818214446,0.000977873,0.001538272,0.057,0.009203135
2025/6/9,115.54,115.567,115.593,115.503,838437,9689356021,0.08,0.09,0.105,18.39,108.97,109.04,108.91,109,60635,182042,1.6541,1.4119,1.5437,1.87,1.6992,1.649,1.5426,1.5123,1.6541,1.4119,1.87,1.5437,0.3263,0.2421999999999999,0.2159000000000002,1.6992,0.0451,1.649,1.5426,1.5123,0.1064,-0.1367,-0.0263,1.6241,1.84,0.2159000000000002,0.3263,0.1103999999999998,0.0451,-0.0303,6.566999999999993,6.566999999999993,0.00090939,0.000688547,0.655763328,0.000973761,0.001549044,0.062,0.015003994539628198
2025/6/10,115.585,115.529,115.594,115.506,744388,8602337141,0.08,-0.03,-0.038,16.32,109,109.03,108.945,108.995,47942,184969,1.6602,1.4085,1.5456,1.8695,1.7047,1.645,1.5424,1.5159,1.6602,1.4085,1.8695,1.5456,0.3238999999999998,0.2516999999999998,0.2093,1.7047,0.0445,1.645,1.5424,1.5159,0.1026,-0.1291,-0.0424,1.6302,1.8395,0.2093,0.3238999999999998,0.1145999999999998,0.0445,-0.0265,6.533999999999992,6.533999999999992,-0.000328814,-4.59E-05,0.7276561163789133,0.000959873,0.00115492,0.066,0.010878122202566225
2025/6/11,115.566,115.65,115.652,115.566,810932,9375669298,0.07,0.1,0.121,17.78,109.05,109.12,109,109.045,47080,187358,1.6524,1.4069,1.5426,1.849,1.6977,1.642,1.5615,1.5203,1.6524,1.4069,1.849,1.5426,0.3064,0.2455,0.1965999999999998,1.6977,0.0453,1.642,1.5615,1.5203,0.0805,-0.1217,-0.0489,1.6224,1.819,0.1965999999999998,0.3064,0.1098000000000001,0.0453,-0.0412,6.605000000000004,6.605000000000004,0.001047356,0.000458737,0.8931442948120069,0.000935509,0.001111145,0.066,0.005296316
2025/6/12,115.659,115.594,115.67,115.592,772237,8930313047,0.07,-0.05,-0.056,16.93,109.05,109.08,108.96,108.995,49392,188181,1.6445,1.4072,1.5437,1.8485,1.7066,1.639,1.582,1.5316,1.6445,1.4072,1.8485,1.5437,0.3047999999999999,0.2373,0.2039999999999999,1.7066,0.0621,1.639,1.582,1.5316,0.057,-0.1074,-0.0333,1.6145,1.8185,0.2039999999999999,0.3047999999999999,0.1008,0.0621,-0.0504,6.5989999999999895,6.5989999999999895,-0.00048422,-0.000458526,0.8951275622946582,0.000915423,0.001026038,0.11700000000000443,0.00911115
2025/6/13,115.627,115.614,115.643,115.589,908937,10508585397,0.05,0.02,0.02,19.93,109.03,109.075,108.965,109.02,60457,191046,1.6478,1.4075,1.5447,1.8495,1.7032,1.638,1.5811,1.5344,1.6478,1.4075,1.8495,1.5447,0.3047999999999999,0.2402999999999999,0.2017,1.7032,0.0554,1.638,1.5811,1.5344,0.0569,-0.1036,-0.0386,1.6178,1.8195,0.2017,0.3047999999999999,0.1030999999999999,0.0554,-0.0467,6.594000000000008,6.594000000000008,0.000173019,0.000229368,0.8952488516811612,0.000915478,0.001025967,0.13399999999998613,0.038717898
2025/6/16,115.655,115.644,115.675,115.616,635454,7349032927,0.05,0.03,0.03,13.94,109.04,109.095,108.98,109.015,49941,194978,1.6444,1.3997,1.5401,1.851,1.7156,1.636,1.5598,1.5295,1.6444,1.3997,1.851,1.5401,0.3108999999999999,0.2447000000000001,0.2065999999999999,1.7156,0.0712,1.636,1.5598,1.5295,0.0762,-0.1065,-0.0381,1.6144,1.821,0.2065999999999999,0.3108999999999999,0.1043,0.0712,-0.0303,6.629000000000005,6.629000000000005,0.000259484,-4.59E-05,0.9094363659220184,0.000863196,0.001018596,0.1039999999999992,0.020515446
2025/6/17,115.703,115.76,115.766,115.625,1039409,12025577672,0.12,0.1,0.116,22.79,109,109.17,108.965,109.16,69095,206159,1.6507,1.3951,1.5101,1.8425,1.7046,1.634,1.5525,1.5209,1.6507,1.3951,1.8425,1.5101,0.3324,0.2556,0.1917999999999999,1.7046,0.0539,1.634,1.5525,1.5209,0.0815,-0.1131,-0.0638,1.6207,1.8125,0.1917999999999999,0.3324,0.1406,0.0539,-0.0316,6.6000000000000085,6.6000000000000085,0.001003078,0.001330092,0.917668823,0.000867035,0.00099584,0.1449999999999818,0.030220574266920416
2025/6/18,115.83,115.811,115.85,115.726,907875,10510564148,0.11,0.04,0.051,19.91,109.125,109.165,109.085,109.14,48250,203959,1.6427,1.3749,1.5082,1.8455,1.7091,1.63,1.5773,1.5218,1.6427,1.3749,1.8455,1.5082,0.3372999999999999,0.2678,0.2027999999999998,1.7091,0.0664,1.63,1.5773,1.5218,0.0527,-0.1082,-0.065,1.6127,1.8155,0.2027999999999998,0.3372999999999999,0.1345,0.0664,-0.0555,6.671000000000007,6.671000000000007,0.000440567,-0.000183217,0.923974659,0.000856044,0.000998608,0.024,0.037691352
2025/6/19,115.898,115.851,115.9,115.826,696524,8069755307,0.06,0.03,0.04,15.27,109.17,109.19,109.1,109.135,46048,205808,1.6422,1.362,1.5078,1.8431,1.7091,1.63,1.6019,1.5264,1.6422,1.362,1.8431,1.5078,0.3352999999999999,0.2802,0.2008999999999998,1.7091,0.0669,1.63,1.6019,1.5264,0.0281,-0.1036,-0.0793,1.6122,1.8131,0.2008999999999998,0.3352999999999999,0.1344,0.0669,-0.0755,6.715999999999994,6.715999999999994,0.00034539,-4.58E-05,0.9204488322868916,0.00085596,0.000998607,-0.005,0.058526438
2025/6/20,115.859,115.878,115.89,115.818,721686,8362171974,0.06,0.02,0.027,15.83,109.105,109.205,109.1,109.15,50456,212559,1.643,1.3646,1.5025,1.8376,1.677,1.629,1.591,1.5277,1.643,1.3646,1.8376,1.5025,0.3350999999999999,0.2784,0.1945999999999998,1.677,0.034,1.629,1.591,1.5277,0.038,-0.1013,-0.0838,1.613,1.8076,0.1945999999999998,0.3350999999999999,0.1405,0.034,-0.0633,6.727999999999994,6.727999999999994,0.000233058,0.000137444,0.9206485750583536,0.000855206,0.000995737,0.005,0.057471531
2025/6/23,115.956,115.888,115.956,115.866,819172,9492839405,0.08,0.01,0.01,17.96,109.16,109.19,109.095,109.155,49489,212428,1.6417,1.3554,1.5027,1.8381,1.6775,1.629,1.5629,1.534,1.6417,1.3554,1.8381,1.5027,0.3354000000000001,0.2863,0.1964000000000001,1.6775,0.0358,1.629,1.5629,1.534,0.0661,-0.095,-0.0899,1.6117,1.8081,0.1964000000000001,0.3354000000000001,0.139,0.0358,-0.0289,6.733000000000004,6.733000000000004,8.629765788170651e-05,4.580852038471584e-05,0.9212324041183356,0.000852708,0.000995205,0.04,0.043120027
2025/6/24,115.868,115.77,115.886,115.761,822752,9528467005,0.11,-0.1,-0.118,18.04,109.15,109.15,109.015,109.025,51169,207169,1.6469,1.3614,1.5129,1.8506,1.6875,1.629,1.8221,1.5398,1.6469,1.3614,1.8506,1.5129,0.3377000000000001,0.2855000000000001,0.2037,1.6875,0.0406,1.629,1.8221,1.5398,-0.1931,-0.0892,-0.0818,1.6169,1.8206,0.2037,0.3377000000000001,0.1340000000000001,0.0406,-0.2823,6.745,6.745,-0.001018224,-0.001190967,0.9284349677126515,0.000894076,0.001038859,0.031000000000020123,0.040416239
2025/6/25,115.799,115.69,115.806,115.678,695199,8048100379,0.11,-0.07,-0.08,15.25,109.04,109.115,108.935,108.995,73376,205081,1.6482,1.3628,1.5214,1.8621,1.695,1.63,1.8593,1.5401,1.6482,1.3628,1.8621,1.5214,0.3407,0.2854000000000001,0.2138999999999999,1.695,0.0468,1.63,1.8593,1.5401,-0.2293,-0.0899,-0.0715,1.6182,1.8321,0.2138999999999999,0.3407,0.1268,0.0468,-0.3192,6.694999999999993,6.694999999999993,-0.000691025,-0.000275166,0.9169398202237692,0.00086424,0.001005292,0.084,0.047074248
2025/6/26,115.717,115.661,115.727,115.635,728838,8430600004,0.08,-0.03,-0.029,15.98,108.995,109.035,108.925,108.95,52163,202431,1.6561,1.3637,1.5139,1.8491,1.685,1.63,1.9195,1.5364,1.6561,1.3637,1.8491,1.5139,0.3351999999999999,0.2924,0.193,1.685,0.0289,1.63,1.9195,1.5364,-0.2895,-0.0936,-0.0994,1.6261,1.8191,0.193,0.3351999999999999,0.1421999999999998,0.0289,-0.3831,6.710999999999999,6.710999999999999,-0.00025067,-0.000412863,0.9180692777846012,0.000868801,0.001011804,0.1289999999999898,0.082395719
2025/6/27,115.7,115.778,115.806,115.663,742000,8586849107,0.12,0.1,0.117,16.27,108.98,109.1,108.955,109.045,68735,204393,1.6529,1.3577,1.5065,1.8496,1.6825,1.63,1.9201,1.5294,1.6529,1.3577,1.8496,1.5065,0.3430999999999999,0.2952000000000001,0.1966999999999998,1.6825,0.0296,1.63,1.9201,1.5294,-0.2901,-0.1006,-0.0985,1.6229,1.8196,0.1966999999999998,0.3430999999999999,0.1464,0.0296,-0.3907,6.733000000000004,6.733000000000004,0.001011577,0.00087196,0.8816104827103965,0.000665037,0.000844185,0.1389999999999958,0.10025978966361893
2025/6/30,115.85,115.668,115.85,115.639,693311,8019262468,0.18,-0.1,-0.11,15.2,109.025,109.045,108.88,108.895,77133,196973,1.6553,1.3469,1.5129,1.8611,1.69,1.63,2.0056,1.5432,1.6553,1.3469,1.8611,1.5129,0.3482,0.3084,0.2057999999999999,1.69,0.0347,1.63,2.0056,1.5432,-0.3756,-0.0868,-0.1026,1.6253,1.8311,0.2057999999999999,0.3482,0.1424,0.0347,-0.4624,6.773,6.773,-0.000950094,-0.001375579,0.8783408576295226,0.000650734,0.000773757,0.095,0.10863929422431182
2025/7/1,115.776,115.781,115.798,115.681,851695,9858483756,0.1,0.1,0.113,18.68,108.925,109.01,108.91,109.005,63387,199030,1.6523,1.3427,1.5075,1.8516,1.681,1.628,1.6175,1.5396,1.6523,1.3427,1.8516,1.5075,0.3440999999999998,0.3096000000000001,0.1992999999999998,1.681,0.0287,1.628,1.6175,1.5396,0.0105,-0.0884,-0.1103,1.6223,1.8216,0.1992999999999998,0.3440999999999998,0.1448,0.0287,-0.0779,6.7760000000000105,6.7760000000000105,0.000976934,0.001010147,0.8919834024134191,0.000674838,0.000793039,0.11299999999999955,0.12020255368627467
2025/7/2,115.828,115.909,115.913,115.828,800385,9274350740,0.07,0.11,0.128,17.55,109.03,109.13,109.03,109.13,57955,206519,1.6464,1.3403,1.4975,1.8451,1.677,1.6195,1.569,1.5223,1.6464,1.3403,1.8451,1.4975,0.3475999999999999,0.3061,0.1986999999999998,1.677,0.0306,1.6195,1.569,1.5223,0.0505,-0.0972,-0.1074,1.6164,1.8151,0.1986999999999998,0.3475999999999999,0.1489,0.0306,-0.0467,6.779000000000011,6.779000000000011,0.001105535,0.001146736,0.9006991728983461,0.000700737,0.000814121,0.05,0.13583781490566044
2025/7/3,115.921,115.945,115.949,115.909,999638,11589176925,0.03,0.03,0.036,21.92,109.15,109.155,109,109.105,64924,206020,1.6451,1.3404,1.4933,1.8486,1.6825,1.606,1.517,1.5145,1.6451,1.3404,1.8486,1.4933,0.3552999999999999,0.3046999999999999,0.2035,1.6825,0.0374,1.606,1.517,1.5145,0.089,-0.0915,-0.1012,1.6151,1.8186,0.2035,0.3552999999999999,0.1517999999999999,0.0374,-0.0025,6.839999999999989,6.839999999999989,0.000310588,-0.000229085,0.8935209355263959,0.000697932,0.000808204,0.08,0.13664950980735402
2025/7/4,115.938,115.972,115.99,115.93,701971,8140736660,0.05,0.02,0.027,15.39,109.09,109.145,109.085,109.1,60839,214140,1.6439,1.3377,1.4929,1.8516,1.685,1.597,1.4881,1.5039,1.6439,1.3377,1.8516,1.4929,0.3587,0.3062,0.2077,1.685,0.0411,1.597,1.4881,1.5039,0.1089,-0.0931,-0.0985,1.6139,1.8216,0.2077,0.3587,0.151,0.0411,0.0158,6.872,6.872,0.000232869,-4.58E-05,0.9094144113526236,0.000672865,0.000701685,,
2025/7/7,115.996,115.973,115.996,115.964,754926,8755316927,0.03,0,0.001,16.56,109.125,109.175,109.085,109.105,49192,216298,1.6482,1.3381,1.4932,1.8536,1.685,1.579,1.5,1.5086,1.6482,1.3381,1.8536,1.4932,0.3603999999999998,0.3101,0.2053999999999998,1.685,0.0368,1.579,1.5,1.5086,0.079,-0.0704,-0.1047,1.6182,1.8236,0.2053999999999998,0.3603999999999998,0.155,0.0368,0.0086,6.867999999999995,6.867999999999995,8.622771013655495e-06,4.582951420717407e-05,0.9038348277824964,0.000654223,0.000686935,,
2025/7/8,115.96,115.909,115.96,115.859,709927,8227714593,0.09,-0.06,-0.064,15.57,109.105,109.105,108.97,109.02,61895,208754,1.6496,1.348,1.5032,1.8596,1.694,1.57,1.5058,1.5216,1.6496,1.348,1.8596,1.5032,0.3563999999999998,0.3015999999999998,0.2099999999999999,1.694,0.0444,1.57,1.5058,1.5216,0.0642,-0.0484,-0.0916,1.6196,1.8296,0.2099999999999999,0.3563999999999998,0.1463999999999998,0.0444,0.0158,6.889,6.889,-0.000551853,-0.000779066,0.9193093018763132,0.000665084,0.000711359,,
2025/7/9,115.929,115.879,115.94,115.819,753890,8734998408,0.1,-0.03,-0.03,16.53,109.02,109.05,108.96,109.05,59539,203681,1.6508,1.3638,1.5141,1.8566,1.695,1.562,1.504,1.5323,1.6508,1.3638,1.8566,1.5141,0.3425,0.2870000000000001,0.2057999999999999,1.695,0.0442,1.562,1.504,1.5323,0.058,-0.0297,-0.0812,1.6208,1.8266,0.2057999999999999,0.3425,0.1367,0.0442,0.0283,6.829000000000008,6.829000000000008,-0.000258824,0.000275179,0.9053660550061924,0.000637372,0.000706455,,
2025/7/10,115.885,115.765,115.897,115.752,757322,8770308005,0.13,-0.1,-0.114,16.61,109.015,109.03,108.83,108.845,77570,202427,1.6562,1.3714,1.5236,1.8746,1.7165,1.559,1.5208,1.5405,1.6562,1.3714,1.8746,1.5236,0.351,0.2847999999999999,0.2184000000000001,1.7165,0.0603,1.559,1.5208,1.5405,0.0382,-0.0185,-0.0664,1.6262,1.8446,0.2184000000000001,0.351,0.1325999999999998,0.0603,0.0197,6.920000000000002,6.920000000000002,-0.000983785,-0.001879872,0.9098824628685912,0.00067037,0.000817967,,
